First_Name,Last_Name,Gender,Country,Age_Date,id
Dulce, Abril, Female, United States, 2017-10-15, 32
Mara, Hashimoto, Female, Great Britain, 2016-08-16, 25
Philip, Gent, Male, France, 2015-05-21, 36
Kathleen, Hanner, Female, United States, 2017-10-15, 25
Nereida, Magwood, Female, United States, 2016-08-16, 58
Gaston, Brumm, Male, United States, 2015-05-21, 24
Etta, Hurn, Female, Great Britain, 2017-10-15, 56
Earlean, Melgar, Female, United States, 2016-08-16, 27
Vincenza, Weiland, Female, United States, 2015-05-21, 40
Fallon, Winward, Female, Great Britain, 2016-08-16, 28
Arcelia, Bouska, Female, Great Britain, 2015-05-21, 39
Franklyn, Unknow, Male, France, 2017-10-15, 38
Sherron, Ascencio, Female, Great Britain, 2016-08-16, 32
Marcel, Zabriskie, Male, Great Britain, 2015-05-21, 26
Kina, Hazelton, Female, Great Britain, 2016-08-16, 31
Shavonne, Pia, Female, France, 2015-05-21, 24
Shavon, Benito, Female, France, 2017-10-15, 39
Lauralee, Perrine, Female, Great Britain, 2016-08-16, 28
Loreta, Curren, Female, France, 2015-05-21, 26
Teresa, Strawn, Female, France, 2015-05-21, 46
Belinda, Partain, Female, United States, 2017-10-15, 37
Holly, Eudy, Female, United States, 2016-08-16, 52
Many, Cuccia, Female, Great Britain, 2015-05-21, 46
Libbie, Dalby, Female, France, 2015-05-21, 42
Lester, Prothro, Male, France, 2017-10-15, 21
Marvel, Hail, Female, Great Britain, 2016-08-16, 28
Angelyn, Vong, Female, United States, 2015-05-21, 29
Francesca, Beaudreau, Female, France, 2017-10-15, 23
Garth, Gangi, Male, United States, 2016-08-16, 41
Carla, Trumbull, Female, Great Britain, 2015-05-21, 28
Veta, Muntz, Female, Great Britain, 2017-10-15, 37
Stasia, Becker, Female, Great Britain, 2016-08-16, 34
Jona, Grindle, Female, Great Britain, 2015-05-21, 26
Judie, Claywell, Female, France, 2016-08-16, 35
Dewitt, Borger, Male, United States, 2015-05-21, 36
Nena, Hacker, Female, United States, 2017-10-15, 29
Kelsie, Wachtel, Female, France, 2016-08-16, 27
Sau, Pfau, Female, United States, 2015-05-21, 25
Shanice, Mccrystal, Female, United States, 2015-05-21, 36
Chase, Karner, Male, United States, 2017-10-15, 37
Tommie, Underdahl, Male, United States, 2016-08-16, 26
Dorcas, Darity, Female, United States, 2015-05-21, 37
Angel, Sanor, Male, France, 2017-10-15, 24
Willodean, Harn, Female, United States, 2016-08-16, 39
Weston, Martina, Male, United States, 2015-05-21, 26
Roma, Lafollette, Female, United States, 2017-10-15, 34
Felisa, Cail, Female, United States, 2016-08-16, 28
Demetria, Abbey, Female, United States, 2015-05-21, 32
Jeromy, Danz, Male, United States, 2017-10-15, 39
Rasheeda, Alkire, Female, United States, 2016-08-16, 29
Dulce, Abril, Female, United States, 2017-10-15, 32
Mara, Hashimoto, Female, Great Britain, 2016-08-16, 25
Philip, Gent, Male, France, 2015-05-21, 36
Kathleen, Hanner, Female, United States, 2017-10-15, 25
Nereida, Magwood, Female, United States, 2016-08-16, 58
Gaston, Brumm, Male, United States, 2015-05-21, 24
Etta, Hurn, Female, Great Britain, 2017-10-15, 56
Earlean, Melgar, Female, United States, 2016-08-16, 27
Vincenza, Weiland, Female, United States, 2015-05-21, 40
Fallon, Winward, Female, Great Britain, 2016-08-16, 28
Arcelia, Bouska, Female, Great Britain, 2015-05-21, 39
Franklyn, Unknow, Male, France, 2017-10-15, 38
Sherron, Ascencio, Female, Great Britain, 2016-08-16, 32
Marcel, Zabriskie, Male, Great Britain, 2015-05-21, 26
Kina, Hazelton, Female, Great Britain, 2016-08-16, 31
Shavonne, Pia, Female, France, 2015-05-21, 24
Shavon, Benito, Female, France, 2017-10-15, 39
Lauralee, Perrine, Female, Great Britain, 2016-08-16, 28
Loreta, Curren, Female, France, 2015-05-21, 26
Teresa, Strawn, Female, France, 2015-05-21, 46
Belinda, Partain, Female, United States, 2017-10-15, 37
Holly, Eudy, Female, United States, 2016-08-16, 52
Many, Cuccia, Female, Great Britain, 2015-05-21, 46
Libbie, Dalby, Female, France, 2015-05-21, 42
Lester, Prothro, Male, France, 2017-10-15, 21
Marvel, Hail, Female, Great Britain, 2016-08-16, 28
Angelyn, Vong, Female, United States, 2015-05-21, 29
Francesca, Beaudreau, Female, France, 2017-10-15, 23
Garth, Gangi, Male, United States, 2016-08-16, 41
Carla, Trumbull, Female, Great Britain, 2015-05-21, 28
Veta, Muntz, Female, Great Britain, 2017-10-15, 37
Stasia, Becker, Female, Great Britain, 2016-08-16, 34
Jona, Grindle, Female, Great Britain, 2015-05-21, 26
Judie, Claywell, Female, France, 2016-08-16, 35
Dewitt, Borger, Male, United States, 2015-05-21, 36
Nena, Hacker, Female, United States, 2017-10-15, 29
Kelsie, Wachtel, Female, France, 2016-08-16, 27
Sau, Pfau, Female, United States, 2015-05-21, 25
Shanice, Mccrystal, Female, United States, 2015-05-21, 36
Chase, Karner, Male, United States, 2017-10-15, 37
Tommie, Underdahl, Male, United States, 2016-08-16, 26
Dorcas, Darity, Female, United States, 2015-05-21, 37
Angel, Sanor, Male, France, 2017-10-15, 24
Willodean, Harn, Female, United States, 2016-08-16, 39
Weston, Martina, Male, United States, 2015-05-21, 26
Roma, Lafollette, Female, United States, 2017-10-15, 34
Felisa, Cail, Female, United States, 2016-08-16, 28
Demetria, Abbey, Female, United States, 2015-05-21, 32
Jeromy, Danz, Male, United States, 2017-10-15, 39
Rasheeda, Alkire, Female, United States, 2016-08-16, 29
Dulce, Abril, Female, United States, 2017-10-15, 32
Mara, Hashimoto, Female, Great Britain, 2016-08-16, 25
Philip, Gent, Male, France, 2015-05-21, 36
Kathleen, Hanner, Female, United States, 2017-10-15, 25
Nereida, Magwood, Female, United States, 2016-08-16, 58
Gaston, Brumm, Male, United States, 2015-05-21, 24
Etta, Hurn, Female, Great Britain, 2017-10-15, 56
Earlean, Melgar, Female, United States, 2016-08-16, 27
Vincenza, Weiland, Female, United States, 2015-05-21, 40
Fallon, Winward, Female, Great Britain, 2016-08-16, 28
Arcelia, Bouska, Female, Great Britain, 2015-05-21, 39
Franklyn, Unknow, Male, France, 2017-10-15, 38
Sherron, Ascencio, Female, Great Britain, 2016-08-16, 32
Marcel, Zabriskie, Male, Great Britain, 2015-05-21, 26
Kina, Hazelton, Female, Great Britain, 2016-08-16, 31
Shavonne, Pia, Female, France, 2015-05-21, 24
Shavon, Benito, Female, France, 2017-10-15, 39
Lauralee, Perrine, Female, Great Britain, 2016-08-16, 28
Loreta, Curren, Female, France, 2015-05-21, 26
Teresa, Strawn, Female, France, 2015-05-21, 46
Belinda, Partain, Female, United States, 2017-10-15, 37
Holly, Eudy, Female, United States, 2016-08-16, 52
Many, Cuccia, Female, Great Britain, 2015-05-21, 46
Libbie, Dalby, Female, France, 2015-05-21, 42
Lester, Prothro, Male, France, 2017-10-15, 21
Marvel, Hail, Female, Great Britain, 2016-08-16, 28
Angelyn, Vong, Female, United States, 2015-05-21, 29
Francesca, Beaudreau, Female, France, 2017-10-15, 23
Garth, Gangi, Male, United States, 2016-08-16, 41
Carla, Trumbull, Female, Great Britain, 2015-05-21, 28
Veta, Muntz, Female, Great Britain, 2017-10-15, 37
Stasia, Becker, Female, Great Britain, 2016-08-16, 34
Jona, Grindle, Female, Great Britain, 2015-05-21, 26
Judie, Claywell, Female, France, 2016-08-16, 35
Dewitt, Borger, Male, United States, 2015-05-21, 36
Nena, Hacker, Female, United States, 2017-10-15, 29
Kelsie, Wachtel, Female, France, 2016-08-16, 27
Sau, Pfau, Female, United States, 2015-05-21, 25
Shanice, Mccrystal, Female, United States, 2015-05-21, 36
Chase, Karner, Male, United States, 2017-10-15, 37
Tommie, Underdahl, Male, United States, 2016-08-16, 26
Dorcas, Darity, Female, United States, 2015-05-21, 37
Angel, Sanor, Male, France, 2017-10-15, 24
Willodean, Harn, Female, United States, 2016-08-16, 39
Weston, Martina, Male, United States, 2015-05-21, 26
Roma, Lafollette, Female, United States, 2017-10-15, 34
Felisa, Cail, Female, United States, 2016-08-16, 28
Demetria, Abbey, Female, United States, 2015-05-21, 32
Jeromy, Danz, Male, United States, 2017-10-15, 39
Rasheeda, Alkire, Female, United States, 2016-08-16, 29
Dulce, Abril, Female, United States, 2017-10-15, 32
Mara, Hashimoto, Female, Great Britain, 2016-08-16, 25
Philip, Gent, Male, France, 2015-05-21, 36
Kathleen, Hanner, Female, United States, 2017-10-15, 25
Nereida, Magwood, Female, United States, 2016-08-16, 58
Gaston, Brumm, Male, United States, 2015-05-21, 24
Etta, Hurn, Female, Great Britain, 2017-10-15, 56
Earlean, Melgar, Female, United States, 2016-08-16, 27
Vincenza, Weiland, Female, United States, 2015-05-21, 40
Fallon, Winward, Female, Great Britain, 2016-08-16, 28
Arcelia, Bouska, Female, Great Britain, 2015-05-21, 39
Franklyn, Unknow, Male, France, 2017-10-15, 38
Sherron, Ascencio, Female, Great Britain, 2016-08-16, 32
Marcel, Zabriskie, Male, Great Britain, 2015-05-21, 26
Kina, Hazelton, Female, Great Britain, 2016-08-16, 31
Shavonne, Pia, Female, France, 2015-05-21, 24
Shavon, Benito, Female, France, 2017-10-15, 39
Lauralee, Perrine, Female, Great Britain, 2016-08-16, 28
Loreta, Curren, Female, France, 2015-05-21, 26
Teresa, Strawn, Female, France, 2015-05-21, 46
Belinda, Partain, Female, United States, 2017-10-15, 37
Holly, Eudy, Female, United States, 2016-08-16, 52
Many, Cuccia, Female, Great Britain, 2015-05-21, 46
Libbie, Dalby, Female, France, 2015-05-21, 42
Lester, Prothro, Male, France, 2017-10-15, 21
Marvel, Hail, Female, Great Britain, 2016-08-16, 28
Angelyn, Vong, Female, United States, 2015-05-21, 29
Francesca, Beaudreau, Female, France, 2017-10-15, 23
Garth, Gangi, Male, United States, 2016-08-16, 41
Carla, Trumbull, Female, Great Britain, 2015-05-21, 28
Veta, Muntz, Female, Great Britain, 2017-10-15, 37
Stasia, Becker, Female, Great Britain, 2016-08-16, 34
Jona, Grindle, Female, Great Britain, 2015-05-21, 26
Judie, Claywell, Female, France, 2016-08-16, 35
Dewitt, Borger, Male, United States, 2015-05-21, 36
Nena, Hacker, Female, United States, 2017-10-15, 29
Kelsie, Wachtel, Female, France, 2016-08-16, 27
Sau, Pfau, Female, United States, 2015-05-21, 25
Shanice, Mccrystal, Female, United States, 2015-05-21, 36
Chase, Karner, Male, United States, 2017-10-15, 37
Tommie, Underdahl, Male, United States, 2016-08-16, 26
Dorcas, Darity, Female, United States, 2015-05-21, 37
Angel, Sanor, Male, France, 2017-10-15, 24
Willodean, Harn, Female, United States, 2016-08-16, 39
Weston, Martina, Male, United States, 2015-05-21, 26
Roma, Lafollette, Female, United States, 2017-10-15, 34
Felisa, Cail, Female, United States, 2016-08-16, 28
Demetria, Abbey, Female, United States, 2015-05-21, 32
Jeromy, Danz, Male, United States, 2017-10-15, 39
Rasheeda, Alkire, Female, United States, 2016-08-16, 29
Dulce, Abril, Female, United States, 2017-10-15, 32
Mara, Hashimoto, Female, Great Britain, 2016-08-16, 25
Philip, Gent, Male, France, 2015-05-21, 36
Kathleen, Hanner, Female, United States, 2017-10-15, 25
Nereida, Magwood, Female, United States, 2016-08-16, 58
Gaston, Brumm, Male, United States, 2015-05-21, 24
Etta, Hurn, Female, Great Britain, 2017-10-15, 56
Earlean, Melgar, Female, United States, 2016-08-16, 27
Vincenza, Weiland, Female, United States, 2015-05-21, 40
Fallon, Winward, Female, Great Britain, 2016-08-16, 28
Arcelia, Bouska, Female, Great Britain, 2015-05-21, 39
Franklyn, Unknow, Male, France, 2017-10-15, 38
Sherron, Ascencio, Female, Great Britain, 2016-08-16, 32
Marcel, Zabriskie, Male, Great Britain, 2015-05-21, 26
Kina, Hazelton, Female, Great Britain, 2016-08-16, 31
Shavonne, Pia, Female, France, 2015-05-21, 24
Shavon, Benito, Female, France, 2017-10-15, 39
Lauralee, Perrine, Female, Great Britain, 2016-08-16, 28
Loreta, Curren, Female, France, 2015-05-21, 26
Teresa, Strawn, Female, France, 2015-05-21, 46
Belinda, Partain, Female, United States, 2017-10-15, 37
Holly, Eudy, Female, United States, 2016-08-16, 52
Many, Cuccia, Female, Great Britain, 2015-05-21, 46
Libbie, Dalby, Female, France, 2015-05-21, 42
Lester, Prothro, Male, France, 2017-10-15, 21
Marvel, Hail, Female, Great Britain, 2016-08-16, 28
Angelyn, Vong, Female, United States, 2015-05-21, 29
Francesca, Beaudreau, Female, France, 2017-10-15, 23
Garth, Gangi, Male, United States, 2016-08-16, 41
Carla, Trumbull, Female, Great Britain, 2015-05-21, 28
Veta, Muntz, Female, Great Britain, 2017-10-15, 37
Stasia, Becker, Female, Great Britain, 2016-08-16, 34
Jona, Grindle, Female, Great Britain, 2015-05-21, 26
Judie, Claywell, Female, France, 2016-08-16, 35
Dewitt, Borger, Male, United States, 2015-05-21, 36
Nena, Hacker, Female, United States, 2017-10-15, 29
Kelsie, Wachtel, Female, France, 2016-08-16, 27
Sau, Pfau, Female, United States, 2015-05-21, 25
Shanice, Mccrystal, Female, United States, 2015-05-21, 36
Chase, Karner, Male, United States, 2017-10-15, 37
Tommie, Underdahl, Male, United States, 2016-08-16, 26
Dorcas, Darity, Female, United States, 2015-05-21, 37
Angel, Sanor, Male, France, 2017-10-15, 24
Willodean, Harn, Female, United States, 2016-08-16, 39
Weston, Martina, Male, United States, 2015-05-21, 26
Roma, Lafollette, Female, United States, 2017-10-15, 34
Felisa, Cail, Female, United States, 2016-08-16, 28
Demetria, Abbey, Female, United States, 2015-05-21, 32
Jeromy, Danz, Male, United States, 2017-10-15, 39
Rasheeda, Alkire, Female, United States, 2016-08-16, 29
Dulce, Abril, Female, United States, 2017-10-15, 32
Mara, Hashimoto, Female, Great Britain, 2016-08-16, 25
Philip, Gent, Male, France, 2015-05-21, 36
Kathleen, Hanner, Female, United States, 2017-10-15, 25
Nereida, Magwood, Female, United States, 2016-08-16, 58
Gaston, Brumm, Male, United States, 2015-05-21, 24
Etta, Hurn, Female, Great Britain, 2017-10-15, 56
Earlean, Melgar, Female, United States, 2016-08-16, 27
Vincenza, Weiland, Female, United States, 2015-05-21, 40
Fallon, Winward, Female, Great Britain, 2016-08-16, 28
Arcelia, Bouska, Female, Great Britain, 2015-05-21, 39
Franklyn, Unknow, Male, France, 2017-10-15, 38
Sherron, Ascencio, Female, Great Britain, 2016-08-16, 32
Marcel, Zabriskie, Male, Great Britain, 2015-05-21, 26
Kina, Hazelton, Female, Great Britain, 2016-08-16, 31
Shavonne, Pia, Female, France, 2015-05-21, 24
Shavon, Benito, Female, France, 2017-10-15, 39
Lauralee, Perrine, Female, Great Britain, 2016-08-16, 28
Loreta, Curren, Female, France, 2015-05-21, 26
Teresa, Strawn, Female, France, 2015-05-21, 46
Belinda, Partain, Female, United States, 2017-10-15, 37
Holly, Eudy, Female, United States, 2016-08-16, 52
Many, Cuccia, Female, Great Britain, 2015-05-21, 46
Libbie, Dalby, Female, France, 2015-05-21, 42
Lester, Prothro, Male, France, 2017-10-15, 21
Marvel, Hail, Female, Great Britain, 2016-08-16, 28
Angelyn, Vong, Female, United States, 2015-05-21, 29
Francesca, Beaudreau, Female, France, 2017-10-15, 23
Garth, Gangi, Male, United States, 2016-08-16, 41
Carla, Trumbull, Female, Great Britain, 2015-05-21, 28
Veta, Muntz, Female, Great Britain, 2017-10-15, 37
Stasia, Becker, Female, Great Britain, 2016-08-16, 34
Jona, Grindle, Female, Great Britain, 2015-05-21, 26
Judie, Claywell, Female, France, 2016-08-16, 35
Dewitt, Borger, Male, United States, 2015-05-21, 36
Nena, Hacker, Female, United States, 2017-10-15, 29
Kelsie, Wachtel, Female, France, 2016-08-16, 27
Sau, Pfau, Female, United States, 2015-05-21, 25
Shanice, Mccrystal, Female, United States, 2015-05-21, 36
Chase, Karner, Male, United States, 2017-10-15, 37
Tommie, Underdahl, Male, United States, 2016-08-16, 26
Dorcas, Darity, Female, United States, 2015-05-21, 37
Angel, Sanor, Male, France, 2017-10-15, 24
Willodean, Harn, Female, United States, 2016-08-16, 39
Weston, Martina, Male, United States, 2015-05-21, 26
Roma, Lafollette, Female, United States, 2017-10-15, 34
Felisa, Cail, Female, United States, 2016-08-16, 28
Demetria, Abbey, Female, United States, 2015-05-21, 32
Jeromy, Danz, Male, United States, 2017-10-15, 39
Rasheeda, Alkire, Female, United States, 2016-08-16, 29
Dulce, Abril, Female, United States, 2017-10-15, 32
Mara, Hashimoto, Female, Great Britain, 2016-08-16, 25
Philip, Gent, Male, France, 2015-05-21, 36
Kathleen, Hanner, Female, United States, 2017-10-15, 25
Nereida, Magwood, Female, United States, 2016-08-16, 58
Gaston, Brumm, Male, United States, 2015-05-21, 24
Etta, Hurn, Female, Great Britain, 2017-10-15, 56
Earlean, Melgar, Female, United States, 2016-08-16, 27
Vincenza, Weiland, Female, United States, 2015-05-21, 40
Fallon, Winward, Female, Great Britain, 2016-08-16, 28
Arcelia, Bouska, Female, Great Britain, 2015-05-21, 39
Franklyn, Unknow, Male, France, 2017-10-15, 38
Sherron, Ascencio, Female, Great Britain, 2016-08-16, 32
Marcel, Zabriskie, Male, Great Britain, 2015-05-21, 26
Kina, Hazelton, Female, Great Britain, 2016-08-16, 31
Shavonne, Pia, Female, France, 2015-05-21, 24
Shavon, Benito, Female, France, 2017-10-15, 39
Lauralee, Perrine, Female, Great Britain, 2016-08-16, 28
Loreta, Curren, Female, France, 2015-05-21, 26
Teresa, Strawn, Female, France, 2015-05-21, 46
Belinda, Partain, Female, United States, 2017-10-15, 37
Holly, Eudy, Female, United States, 2016-08-16, 52
Many, Cuccia, Female, Great Britain, 2015-05-21, 46
Libbie, Dalby, Female, France, 2015-05-21, 42
Lester, Prothro, Male, France, 2017-10-15, 21
Marvel, Hail, Female, Great Britain, 2016-08-16, 28
Angelyn, Vong, Female, United States, 2015-05-21, 29
Francesca, Beaudreau, Female, France, 2017-10-15, 23
Garth, Gangi, Male, United States, 2016-08-16, 41
Carla, Trumbull, Female, Great Britain, 2015-05-21, 28
Veta, Muntz, Female, Great Britain, 2017-10-15, 37
Stasia, Becker, Female, Great Britain, 2016-08-16, 34
Jona, Grindle, Female, Great Britain, 2015-05-21, 26
Judie, Claywell, Female, France, 2016-08-16, 35
Dewitt, Borger, Male, United States, 2015-05-21, 36
Nena, Hacker, Female, United States, 2017-10-15, 29
Kelsie, Wachtel, Female, France, 2016-08-16, 27
Sau, Pfau, Female, United States, 2015-05-21, 25
Shanice, Mccrystal, Female, United States, 2015-05-21, 36
Chase, Karner, Male, United States, 2017-10-15, 37
Tommie, Underdahl, Male, United States, 2016-08-16, 26
Dorcas, Darity, Female, United States, 2015-05-21, 37
Angel, Sanor, Male, France, 2017-10-15, 24
Willodean, Harn, Female, United States, 2016-08-16, 39
Weston, Martina, Male, United States, 2015-05-21, 26
Roma, Lafollette, Female, United States, 2017-10-15, 34
Felisa, Cail, Female, United States, 2016-08-16, 28
Demetria, Abbey, Female, United States, 2015-05-21, 32
Jeromy, Danz, Male, United States, 2017-10-15, 39
Rasheeda, Alkire, Female, United States, 2016-08-16, 29
Dulce, Abril, Female, United States, 2017-10-15, 32
Mara, Hashimoto, Female, Great Britain, 2016-08-16, 25
Philip, Gent, Male, France, 2015-05-21, 36
Kathleen, Hanner, Female, United States, 2017-10-15, 25
Nereida, Magwood, Female, United States, 2016-08-16, 58
Gaston, Brumm, Male, United States, 2015-05-21, 24
Etta, Hurn, Female, Great Britain, 2017-10-15, 56
Earlean, Melgar, Female, United States, 2016-08-16, 27
Vincenza, Weiland, Female, United States, 2015-05-21, 40
Fallon, Winward, Female, Great Britain, 2016-08-16, 28
Arcelia, Bouska, Female, Great Britain, 2015-05-21, 39
Franklyn, Unknow, Male, France, 2017-10-15, 38
Sherron, Ascencio, Female, Great Britain, 2016-08-16, 32
Marcel, Zabriskie, Male, Great Britain, 2015-05-21, 26
Kina, Hazelton, Female, Great Britain, 2016-08-16, 31
Shavonne, Pia, Female, France, 2015-05-21, 24
Shavon, Benito, Female, France, 2017-10-15, 39
Lauralee, Perrine, Female, Great Britain, 2016-08-16, 28
Loreta, Curren, Female, France, 2015-05-21, 26
Teresa, Strawn, Female, France, 2015-05-21, 46
Belinda, Partain, Female, United States, 2017-10-15, 37
Holly, Eudy, Female, United States, 2016-08-16, 52
Many, Cuccia, Female, Great Britain, 2015-05-21, 46
Libbie, Dalby, Female, France, 2015-05-21, 42
Lester, Prothro, Male, France, 2017-10-15, 21
Marvel, Hail, Female, Great Britain, 2016-08-16, 28
Angelyn, Vong, Female, United States, 2015-05-21, 29
Francesca, Beaudreau, Female, France, 2017-10-15, 23
Garth, Gangi, Male, United States, 2016-08-16, 41
Carla, Trumbull, Female, Great Britain, 2015-05-21, 28
Veta, Muntz, Female, Great Britain, 2017-10-15, 37
Stasia, Becker, Female, Great Britain, 2016-08-16, 34
Jona, Grindle, Female, Great Britain, 2015-05-21, 26
Judie, Claywell, Female, France, 2016-08-16, 35
Dewitt, Borger, Male, United States, 2015-05-21, 36
Nena, Hacker, Female, United States, 2017-10-15, 29
Kelsie, Wachtel, Female, France, 2016-08-16, 27
Sau, Pfau, Female, United States, 2015-05-21, 25
Shanice, Mccrystal, Female, United States, 2015-05-21, 36
Chase, Karner, Male, United States, 2017-10-15, 37
Tommie, Underdahl, Male, United States, 2016-08-16, 26
Dorcas, Darity, Female, United States, 2015-05-21, 37
Angel, Sanor, Male, France, 2017-10-15, 24
Willodean, Harn, Female, United States, 2016-08-16, 39
Weston, Martina, Male, United States, 2015-05-21, 26
Roma, Lafollette, Female, United States, 2017-10-15, 34
Felisa, Cail, Female, United States, 2016-08-16, 28
Demetria, Abbey, Female, United States, 2015-05-21, 32
Jeromy, Danz, Male, United States, 2017-10-15, 39
Rasheeda, Alkire, Female, United States, 2016-08-16, 29
Dulce, Abril, Female, United States, 2017-10-15, 32
Mara, Hashimoto, Female, Great Britain, 2016-08-16, 25
Philip, Gent, Male, France, 2015-05-21, 36
Kathleen, Hanner, Female, United States, 2017-10-15, 25
Nereida, Magwood, Female, United States, 2016-08-16, 58
Gaston, Brumm, Male, United States, 2015-05-21, 24
Etta, Hurn, Female, Great Britain, 2017-10-15, 56
Earlean, Melgar, Female, United States, 2016-08-16, 27
Vincenza, Weiland, Female, United States, 2015-05-21, 40
Fallon, Winward, Female, Great Britain, 2016-08-16, 28
Arcelia, Bouska, Female, Great Britain, 2015-05-21, 39
Franklyn, Unknow, Male, France, 2017-10-15, 38
Sherron, Ascencio, Female, Great Britain, 2016-08-16, 32
Marcel, Zabriskie, Male, Great Britain, 2015-05-21, 26
Kina, Hazelton, Female, Great Britain, 2016-08-16, 31
Shavonne, Pia, Female, France, 2015-05-21, 24
Shavon, Benito, Female, France, 2017-10-15, 39
Lauralee, Perrine, Female, Great Britain, 2016-08-16, 28
Loreta, Curren, Female, France, 2015-05-21, 26
Teresa, Strawn, Female, France, 2015-05-21, 46
Belinda, Partain, Female, United States, 2017-10-15, 37
Holly, Eudy, Female, United States, 2016-08-16, 52
Many, Cuccia, Female, Great Britain, 2015-05-21, 46
Libbie, Dalby, Female, France, 2015-05-21, 42
Lester, Prothro, Male, France, 2017-10-15, 21
Marvel, Hail, Female, Great Britain, 2016-08-16, 28
Angelyn, Vong, Female, United States, 2015-05-21, 29
Francesca, Beaudreau, Female, France, 2017-10-15, 23
Garth, Gangi, Male, United States, 2016-08-16, 41
Carla, Trumbull, Female, Great Britain, 2015-05-21, 28
Veta, Muntz, Female, Great Britain, 2017-10-15, 37
Stasia, Becker, Female, Great Britain, 2016-08-16, 34
Jona, Grindle, Female, Great Britain, 2015-05-21, 26
Judie, Claywell, Female, France, 2016-08-16, 35
Dewitt, Borger, Male, United States, 2015-05-21, 36
Nena, Hacker, Female, United States, 2017-10-15, 29
Kelsie, Wachtel, Female, France, 2016-08-16, 27
Sau, Pfau, Female, United States, 2015-05-21, 25
Shanice, Mccrystal, Female, United States, 2015-05-21, 36
Chase, Karner, Male, United States, 2017-10-15, 37
Tommie, Underdahl, Male, United States, 2016-08-16, 26
Dorcas, Darity, Female, United States, 2015-05-21, 37
Angel, Sanor, Male, France, 2017-10-15, 24
Willodean, Harn, Female, United States, 2016-08-16, 39
Weston, Martina, Male, United States, 2015-05-21, 26
Roma, Lafollette, Female, United States, 2017-10-15, 34
Felisa, Cail, Female, United States, 2016-08-16, 28
Demetria, Abbey, Female, United States, 2015-05-21, 32
Jeromy, Danz, Male, United States, 2017-10-15, 39
Rasheeda, Alkire, Female, United States, 2016-08-16, 29
Dulce, Abril, Female, United States, 2017-10-15, 32
Mara, Hashimoto, Female, Great Britain, 2016-08-16, 25
Philip, Gent, Male, France, 2015-05-21, 36
Kathleen, Hanner, Female, United States, 2017-10-15, 25
Nereida, Magwood, Female, United States, 2016-08-16, 58
Gaston, Brumm, Male, United States, 2015-05-21, 24
Etta, Hurn, Female, Great Britain, 2017-10-15, 56
Earlean, Melgar, Female, United States, 2016-08-16, 27
Vincenza, Weiland, Female, United States, 2015-05-21, 40
Fallon, Winward, Female, Great Britain, 2016-08-16, 28
Arcelia, Bouska, Female, Great Britain, 2015-05-21, 39
Franklyn, Unknow, Male, France, 2017-10-15, 38
Sherron, Ascencio, Female, Great Britain, 2016-08-16, 32
Marcel, Zabriskie, Male, Great Britain, 2015-05-21, 26
Kina, Hazelton, Female, Great Britain, 2016-08-16, 31
Shavonne, Pia, Female, France, 2015-05-21, 24
Shavon, Benito, Female, France, 2017-10-15, 39
Lauralee, Perrine, Female, Great Britain, 2016-08-16, 28
Loreta, Curren, Female, France, 2015-05-21, 26
Teresa, Strawn, Female, France, 2015-05-21, 46
Belinda, Partain, Female, United States, 2017-10-15, 37
Holly, Eudy, Female, United States, 2016-08-16, 52
Many, Cuccia, Female, Great Britain, 2015-05-21, 46
Libbie, Dalby, Female, France, 2015-05-21, 42
Lester, Prothro, Male, France, 2017-10-15, 21
Marvel, Hail, Female, Great Britain, 2016-08-16, 28
Angelyn, Vong, Female, United States, 2015-05-21, 29
Francesca, Beaudreau, Female, France, 2017-10-15, 23
Garth, Gangi, Male, United States, 2016-08-16, 41
Carla, Trumbull, Female, Great Britain, 2015-05-21, 28
Veta, Muntz, Female, Great Britain, 2017-10-15, 37
Stasia, Becker, Female, Great Britain, 2016-08-16, 34
Jona, Grindle, Female, Great Britain, 2015-05-21, 26
Judie, Claywell, Female, France, 2016-08-16, 35
Dewitt, Borger, Male, United States, 2015-05-21, 36
Nena, Hacker, Female, United States, 2017-10-15, 29
Kelsie, Wachtel, Female, France, 2016-08-16, 27
Sau, Pfau, Female, United States, 2015-05-21, 25
Shanice, Mccrystal, Female, United States, 2015-05-21, 36
Chase, Karner, Male, United States, 2017-10-15, 37
Tommie, Underdahl, Male, United States, 2016-08-16, 26
Dorcas, Darity, Female, United States, 2015-05-21, 37
Angel, Sanor, Male, France, 2017-10-15, 24
Willodean, Harn, Female, United States, 2016-08-16, 39
Weston, Martina, Male, United States, 2015-05-21, 26
Roma, Lafollette, Female, United States, 2017-10-15, 34
Felisa, Cail, Female, United States, 2016-08-16, 28
Demetria, Abbey, Female, United States, 2015-05-21, 32
Jeromy, Danz, Male, United States, 2017-10-15, 39
Rasheeda, Alkire, Female, United States, 2016-08-16, 29
Dulce, Abril, Female, United States, 2017-10-15, 32
Mara, Hashimoto, Female, Great Britain, 2016-08-16, 25
Philip, Gent, Male, France, 2015-05-21, 36
Kathleen, Hanner, Female, United States, 2017-10-15, 25
Nereida, Magwood, Female, United States, 2016-08-16, 58
Gaston, Brumm, Male, United States, 2015-05-21, 24
Etta, Hurn, Female, Great Britain, 2017-10-15, 56
Earlean, Melgar, Female, United States, 2016-08-16, 27
Vincenza, Weiland, Female, United States, 2015-05-21, 40
Fallon, Winward, Female, Great Britain, 2016-08-16, 28
Arcelia, Bouska, Female, Great Britain, 2015-05-21, 39
Franklyn, Unknow, Male, France, 2017-10-15, 38
Sherron, Ascencio, Female, Great Britain, 2016-08-16, 32
Marcel, Zabriskie, Male, Great Britain, 2015-05-21, 26
Kina, Hazelton, Female, Great Britain, 2016-08-16, 31
Shavonne, Pia, Female, France, 2015-05-21, 24
Shavon, Benito, Female, France, 2017-10-15, 39
Lauralee, Perrine, Female, Great Britain, 2016-08-16, 28
Loreta, Curren, Female, France, 2015-05-21, 26
Teresa, Strawn, Female, France, 2015-05-21, 46
Belinda, Partain, Female, United States, 2017-10-15, 37
Holly, Eudy, Female, United States, 2016-08-16, 52
Many, Cuccia, Female, Great Britain, 2015-05-21, 46
Libbie, Dalby, Female, France, 2015-05-21, 42
Lester, Prothro, Male, France, 2017-10-15, 21
Marvel, Hail, Female, Great Britain, 2016-08-16, 28
Angelyn, Vong, Female, United States, 2015-05-21, 29
Francesca, Beaudreau, Female, France, 2017-10-15, 23
Garth, Gangi, Male, United States, 2016-08-16, 41
Carla, Trumbull, Female, Great Britain, 2015-05-21, 28
Veta, Muntz, Female, Great Britain, 2017-10-15, 37
Stasia, Becker, Female, Great Britain, 2016-08-16, 34
Jona, Grindle, Female, Great Britain, 2015-05-21, 26
Judie, Claywell, Female, France, 2016-08-16, 35
Dewitt, Borger, Male, United States, 2015-05-21, 36
Nena, Hacker, Female, United States, 2017-10-15, 29
Kelsie, Wachtel, Female, France, 2016-08-16, 27
Sau, Pfau, Female, United States, 2015-05-21, 25
Shanice, Mccrystal, Female, United States, 2015-05-21, 36
Chase, Karner, Male, United States, 2017-10-15, 37
Tommie, Underdahl, Male, United States, 2016-08-16, 26
Dorcas, Darity, Female, United States, 2015-05-21, 37
Angel, Sanor, Male, France, 2017-10-15, 24
Willodean, Harn, Female, United States, 2016-08-16, 39
Weston, Martina, Male, United States, 2015-05-21, 26
Roma, Lafollette, Female, United States, 2017-10-15, 34
Felisa, Cail, Female, United States, 2016-08-16, 28
Demetria, Abbey, Female, United States, 2015-05-21, 32
Jeromy, Danz, Male, United States, 2017-10-15, 39
Rasheeda, Alkire, Female, United States, 2016-08-16, 29
Dulce, Abril, Female, United States, 2017-10-15, 32
Mara, Hashimoto, Female, Great Britain, 2016-08-16, 25
Philip, Gent, Male, France, 2015-05-21, 36
Kathleen, Hanner, Female, United States, 2017-10-15, 25
Nereida, Magwood, Female, United States, 2016-08-16, 58
Gaston, Brumm, Male, United States, 2015-05-21, 24
Etta, Hurn, Female, Great Britain, 2017-10-15, 56
Earlean, Melgar, Female, United States, 2016-08-16, 27
Vincenza, Weiland, Female, United States, 2015-05-21, 40
Fallon, Winward, Female, Great Britain, 2016-08-16, 28
Arcelia, Bouska, Female, Great Britain, 2015-05-21, 39
Franklyn, Unknow, Male, France, 2017-10-15, 38
Sherron, Ascencio, Female, Great Britain, 2016-08-16, 32
Marcel, Zabriskie, Male, Great Britain, 2015-05-21, 26
Kina, Hazelton, Female, Great Britain, 2016-08-16, 31
Shavonne, Pia, Female, France, 2015-05-21, 24
Shavon, Benito, Female, France, 2017-10-15, 39
Lauralee, Perrine, Female, Great Britain, 2016-08-16, 28
Loreta, Curren, Female, France, 2015-05-21, 26
Teresa, Strawn, Female, France, 2015-05-21, 46
Belinda, Partain, Female, United States, 2017-10-15, 37
Holly, Eudy, Female, United States, 2016-08-16, 52
Many, Cuccia, Female, Great Britain, 2015-05-21, 46
Libbie, Dalby, Female, France, 2015-05-21, 42
Lester, Prothro, Male, France, 2017-10-15, 21
Marvel, Hail, Female, Great Britain, 2016-08-16, 28
Angelyn, Vong, Female, United States, 2015-05-21, 29
Francesca, Beaudreau, Female, France, 2017-10-15, 23
Garth, Gangi, Male, United States, 2016-08-16, 41
Carla, Trumbull, Female, Great Britain, 2015-05-21, 28
Veta, Muntz, Female, Great Britain, 2017-10-15, 37
Stasia, Becker, Female, Great Britain, 2016-08-16, 34
Jona, Grindle, Female, Great Britain, 2015-05-21, 26
Judie, Claywell, Female, France, 2016-08-16, 35
Dewitt, Borger, Male, United States, 2015-05-21, 36
Nena, Hacker, Female, United States, 2017-10-15, 29
Kelsie, Wachtel, Female, France, 2016-08-16, 27
Sau, Pfau, Female, United States, 2015-05-21, 25
Shanice, Mccrystal, Female, United States, 2015-05-21, 36
Chase, Karner, Male, United States, 2017-10-15, 37
Tommie, Underdahl, Male, United States, 2016-08-16, 26
Dorcas, Darity, Female, United States, 2015-05-21, 37
Angel, Sanor, Male, France, 2017-10-15, 24
Willodean, Harn, Female, United States, 2016-08-16, 39
Weston, Martina, Male, United States, 2015-05-21, 26
Roma, Lafollette, Female, United States, 2017-10-15, 34
Felisa, Cail, Female, United States, 2016-08-16, 28
Demetria, Abbey, Female, United States, 2015-05-21, 32
Jeromy, Danz, Male, United States, 2017-10-15, 39
Rasheeda, Alkire, Female, United States, 2016-08-16, 29
Dulce, Abril, Female, United States, 2017-10-15, 32
Mara, Hashimoto, Female, Great Britain, 2016-08-16, 25
Philip, Gent, Male, France, 2015-05-21, 36
Kathleen, Hanner, Female, United States, 2017-10-15, 25
Nereida, Magwood, Female, United States, 2016-08-16, 58
Gaston, Brumm, Male, United States, 2015-05-21, 24
Etta, Hurn, Female, Great Britain, 2017-10-15, 56
Earlean, Melgar, Female, United States, 2016-08-16, 27
Vincenza, Weiland, Female, United States, 2015-05-21, 40
Fallon, Winward, Female, Great Britain, 2016-08-16, 28
Arcelia, Bouska, Female, Great Britain, 2015-05-21, 39
Franklyn, Unknow, Male, France, 2017-10-15, 38
Sherron, Ascencio, Female, Great Britain, 2016-08-16, 32
Marcel, Zabriskie, Male, Great Britain, 2015-05-21, 26
Kina, Hazelton, Female, Great Britain, 2016-08-16, 31
Shavonne, Pia, Female, France, 2015-05-21, 24
Shavon, Benito, Female, France, 2017-10-15, 39
Lauralee, Perrine, Female, Great Britain, 2016-08-16, 28
Loreta, Curren, Female, France, 2015-05-21, 26
Teresa, Strawn, Female, France, 2015-05-21, 46
Belinda, Partain, Female, United States, 2017-10-15, 37
Holly, Eudy, Female, United States, 2016-08-16, 52
Many, Cuccia, Female, Great Britain, 2015-05-21, 46
Libbie, Dalby, Female, France, 2015-05-21, 42
Lester, Prothro, Male, France, 2017-10-15, 21
Marvel, Hail, Female, Great Britain, 2016-08-16, 28
Angelyn, Vong, Female, United States, 2015-05-21, 29
Francesca, Beaudreau, Female, France, 2017-10-15, 23
Garth, Gangi, Male, United States, 2016-08-16, 41
Carla, Trumbull, Female, Great Britain, 2015-05-21, 28
Veta, Muntz, Female, Great Britain, 2017-10-15, 37
Stasia, Becker, Female, Great Britain, 2016-08-16, 34
Jona, Grindle, Female, Great Britain, 2015-05-21, 26
Judie, Claywell, Female, France, 2016-08-16, 35
Dewitt, Borger, Male, United States, 2015-05-21, 36
Nena, Hacker, Female, United States, 2017-10-15, 29
Kelsie, Wachtel, Female, France, 2016-08-16, 27
Sau, Pfau, Female, United States, 2015-05-21, 25
Shanice, Mccrystal, Female, United States, 2015-05-21, 36
Chase, Karner, Male, United States, 2017-10-15, 37
Tommie, Underdahl, Male, United States, 2016-08-16, 26
Dorcas, Darity, Female, United States, 2015-05-21, 37
Angel, Sanor, Male, France, 2017-10-15, 24
Willodean, Harn, Female, United States, 2016-08-16, 39
Weston, Martina, Male, United States, 2015-05-21, 26
Roma, Lafollette, Female, United States, 2017-10-15, 34
Felisa, Cail, Female, United States, 2016-08-16, 28
Demetria, Abbey, Female, United States, 2015-05-21, 32
Jeromy, Danz, Male, United States, 2017-10-15, 39
Rasheeda, Alkire, Female, United States, 2016-08-16, 29
Dulce, Abril, Female, United States, 2017-10-15, 32
Mara, Hashimoto, Female, Great Britain, 2016-08-16, 25
Philip, Gent, Male, France, 2015-05-21, 36
Kathleen, Hanner, Female, United States, 2017-10-15, 25
Nereida, Magwood, Female, United States, 2016-08-16, 58
Gaston, Brumm, Male, United States, 2015-05-21, 24
Etta, Hurn, Female, Great Britain, 2017-10-15, 56
Earlean, Melgar, Female, United States, 2016-08-16, 27
Vincenza, Weiland, Female, United States, 2015-05-21, 40
Fallon, Winward, Female, Great Britain, 2016-08-16, 28
Arcelia, Bouska, Female, Great Britain, 2015-05-21, 39
Franklyn, Unknow, Male, France, 2017-10-15, 38
Sherron, Ascencio, Female, Great Britain, 2016-08-16, 32
Marcel, Zabriskie, Male, Great Britain, 2015-05-21, 26
Kina, Hazelton, Female, Great Britain, 2016-08-16, 31
Shavonne, Pia, Female, France, 2015-05-21, 24
Shavon, Benito, Female, France, 2017-10-15, 39
Lauralee, Perrine, Female, Great Britain, 2016-08-16, 28
Loreta, Curren, Female, France, 2015-05-21, 26
Teresa, Strawn, Female, France, 2015-05-21, 46
Belinda, Partain, Female, United States, 2017-10-15, 37
Holly, Eudy, Female, United States, 2016-08-16, 52
Many, Cuccia, Female, Great Britain, 2015-05-21, 46
Libbie, Dalby, Female, France, 2015-05-21, 42
Lester, Prothro, Male, France, 2017-10-15, 21
Marvel, Hail, Female, Great Britain, 2016-08-16, 28
Angelyn, Vong, Female, United States, 2015-05-21, 29
Francesca, Beaudreau, Female, France, 2017-10-15, 23
Garth, Gangi, Male, United States, 2016-08-16, 41
Carla, Trumbull, Female, Great Britain, 2015-05-21, 28
Veta, Muntz, Female, Great Britain, 2017-10-15, 37
Stasia, Becker, Female, Great Britain, 2016-08-16, 34
Jona, Grindle, Female, Great Britain, 2015-05-21, 26
Judie, Claywell, Female, France, 2016-08-16, 35
Dewitt, Borger, Male, United States, 2015-05-21, 36
Nena, Hacker, Female, United States, 2017-10-15, 29
Kelsie, Wachtel, Female, France, 2016-08-16, 27
Sau, Pfau, Female, United States, 2015-05-21, 25
Shanice, Mccrystal, Female, United States, 2015-05-21, 36
Chase, Karner, Male, United States, 2017-10-15, 37
Tommie, Underdahl, Male, United States, 2016-08-16, 26
Dorcas, Darity, Female, United States, 2015-05-21, 37
Angel, Sanor, Male, France, 2017-10-15, 24
Willodean, Harn, Female, United States, 2016-08-16, 39
Weston, Martina, Male, United States, 2015-05-21, 26
Roma, Lafollette, Female, United States, 2017-10-15, 34
Felisa, Cail, Female, United States, 2016-08-16, 28
Demetria, Abbey, Female, United States, 2015-05-21, 32
Jeromy, Danz, Male, United States, 2017-10-15, 39
Rasheeda, Alkire, Female, United States, 2016-08-16, 29
Dulce, Abril, Female, United States, 2017-10-15, 32
Mara, Hashimoto, Female, Great Britain, 2016-08-16, 25
Philip, Gent, Male, France, 2015-05-21, 36
Kathleen, Hanner, Female, United States, 2017-10-15, 25
Nereida, Magwood, Female, United States, 2016-08-16, 58
Gaston, Brumm, Male, United States, 2015-05-21, 24
Etta, Hurn, Female, Great Britain, 2017-10-15, 56
Earlean, Melgar, Female, United States, 2016-08-16, 27
Vincenza, Weiland, Female, United States, 2015-05-21, 40
Fallon, Winward, Female, Great Britain, 2016-08-16, 28
Arcelia, Bouska, Female, Great Britain, 2015-05-21, 39
Franklyn, Unknow, Male, France, 2017-10-15, 38
Sherron, Ascencio, Female, Great Britain, 2016-08-16, 32
Marcel, Zabriskie, Male, Great Britain, 2015-05-21, 26
Kina, Hazelton, Female, Great Britain, 2016-08-16, 31
Shavonne, Pia, Female, France, 2015-05-21, 24
Shavon, Benito, Female, France, 2017-10-15, 39
Lauralee, Perrine, Female, Great Britain, 2016-08-16, 28
Loreta, Curren, Female, France, 2015-05-21, 26
Teresa, Strawn, Female, France, 2015-05-21, 46
Belinda, Partain, Female, United States, 2017-10-15, 37
Holly, Eudy, Female, United States, 2016-08-16, 52
Many, Cuccia, Female, Great Britain, 2015-05-21, 46
Libbie, Dalby, Female, France, 2015-05-21, 42
Lester, Prothro, Male, France, 2017-10-15, 21
Marvel, Hail, Female, Great Britain, 2016-08-16, 28
Angelyn, Vong, Female, United States, 2015-05-21, 29
Francesca, Beaudreau, Female, France, 2017-10-15, 23
Garth, Gangi, Male, United States, 2016-08-16, 41
Carla, Trumbull, Female, Great Britain, 2015-05-21, 28
Veta, Muntz, Female, Great Britain, 2017-10-15, 37
Stasia, Becker, Female, Great Britain, 2016-08-16, 34
Jona, Grindle, Female, Great Britain, 2015-05-21, 26
Judie, Claywell, Female, France, 2016-08-16, 35
Dewitt, Borger, Male, United States, 2015-05-21, 36
Nena, Hacker, Female, United States, 2017-10-15, 29
Kelsie, Wachtel, Female, France, 2016-08-16, 27
Sau, Pfau, Female, United States, 2015-05-21, 25
Shanice, Mccrystal, Female, United States, 2015-05-21, 36
Chase, Karner, Male, United States, 2017-10-15, 37
Tommie, Underdahl, Male, United States, 2016-08-16, 26
Dorcas, Darity, Female, United States, 2015-05-21, 37
Angel, Sanor, Male, France, 2017-10-15, 24
Willodean, Harn, Female, United States, 2016-08-16, 39
Weston, Martina, Male, United States, 2015-05-21, 26
Roma, Lafollette, Female, United States, 2017-10-15, 34
Felisa, Cail, Female, United States, 2016-08-16, 28
Demetria, Abbey, Female, United States, 2015-05-21, 32
Jeromy, Danz, Male, United States, 2017-10-15, 39
Rasheeda, Alkire, Female, United States, 2016-08-16, 29
Dulce, Abril, Female, United States, 2017-10-15, 32
Mara, Hashimoto, Female, Great Britain, 2016-08-16, 25
Philip, Gent, Male, France, 2015-05-21, 36
Kathleen, Hanner, Female, United States, 2017-10-15, 25
Nereida, Magwood, Female, United States, 2016-08-16, 58
Gaston, Brumm, Male, United States, 2015-05-21, 24
Etta, Hurn, Female, Great Britain, 2017-10-15, 56
Earlean, Melgar, Female, United States, 2016-08-16, 27
Vincenza, Weiland, Female, United States, 2015-05-21, 40
Fallon, Winward, Female, Great Britain, 2016-08-16, 28
Arcelia, Bouska, Female, Great Britain, 2015-05-21, 39
Franklyn, Unknow, Male, France, 2017-10-15, 38
Sherron, Ascencio, Female, Great Britain, 2016-08-16, 32
Marcel, Zabriskie, Male, Great Britain, 2015-05-21, 26
Kina, Hazelton, Female, Great Britain, 2016-08-16, 31
Shavonne, Pia, Female, France, 2015-05-21, 24
Shavon, Benito, Female, France, 2017-10-15, 39
Lauralee, Perrine, Female, Great Britain, 2016-08-16, 28
Loreta, Curren, Female, France, 2015-05-21, 26
Teresa, Strawn, Female, France, 2015-05-21, 46
Belinda, Partain, Female, United States, 2017-10-15, 37
Holly, Eudy, Female, United States, 2016-08-16, 52
Many, Cuccia, Female, Great Britain, 2015-05-21, 46
Libbie, Dalby, Female, France, 2015-05-21, 42
Lester, Prothro, Male, France, 2017-10-15, 21
Marvel, Hail, Female, Great Britain, 2016-08-16, 28
Angelyn, Vong, Female, United States, 2015-05-21, 29
Francesca, Beaudreau, Female, France, 2017-10-15, 23
Garth, Gangi, Male, United States, 2016-08-16, 41
Carla, Trumbull, Female, Great Britain, 2015-05-21, 28
Veta, Muntz, Female, Great Britain, 2017-10-15, 37
Stasia, Becker, Female, Great Britain, 2016-08-16, 34
Jona, Grindle, Female, Great Britain, 2015-05-21, 26
Judie, Claywell, Female, France, 2016-08-16, 35
Dewitt, Borger, Male, United States, 2015-05-21, 36
Nena, Hacker, Female, United States, 2017-10-15, 29
Kelsie, Wachtel, Female, France, 2016-08-16, 27
Sau, Pfau, Female, United States, 2015-05-21, 25
Shanice, Mccrystal, Female, United States, 2015-05-21, 36
Chase, Karner, Male, United States, 2017-10-15, 37
Tommie, Underdahl, Male, United States, 2016-08-16, 26
Dorcas, Darity, Female, United States, 2015-05-21, 37
Angel, Sanor, Male, France, 2017-10-15, 24
Willodean, Harn, Female, United States, 2016-08-16, 39
Weston, Martina, Male, United States, 2015-05-21, 26
Roma, Lafollette, Female, United States, 2017-10-15, 34
Felisa, Cail, Female, United States, 2016-08-16, 28
Demetria, Abbey, Female, United States, 2015-05-21, 32
Jeromy, Danz, Male, United States, 2017-10-15, 39
Rasheeda, Alkire, Female, United States, 2016-08-16, 29
Dulce, Abril, Female, United States, 2017-10-15, 32
Mara, Hashimoto, Female, Great Britain, 2016-08-16, 25
Philip, Gent, Male, France, 2015-05-21, 36
Kathleen, Hanner, Female, United States, 2017-10-15, 25
Nereida, Magwood, Female, United States, 2016-08-16, 58
Gaston, Brumm, Male, United States, 2015-05-21, 24
Etta, Hurn, Female, Great Britain, 2017-10-15, 56
Earlean, Melgar, Female, United States, 2016-08-16, 27
Vincenza, Weiland, Female, United States, 2015-05-21, 40
Fallon, Winward, Female, Great Britain, 2016-08-16, 28
Arcelia, Bouska, Female, Great Britain, 2015-05-21, 39
Franklyn, Unknow, Male, France, 2017-10-15, 38
Sherron, Ascencio, Female, Great Britain, 2016-08-16, 32
Marcel, Zabriskie, Male, Great Britain, 2015-05-21, 26
Kina, Hazelton, Female, Great Britain, 2016-08-16, 31
Shavonne, Pia, Female, France, 2015-05-21, 24
Shavon, Benito, Female, France, 2017-10-15, 39
Lauralee, Perrine, Female, Great Britain, 2016-08-16, 28
Loreta, Curren, Female, France, 2015-05-21, 26
Teresa, Strawn, Female, France, 2015-05-21, 46
Belinda, Partain, Female, United States, 2017-10-15, 37
Holly, Eudy, Female, United States, 2016-08-16, 52
Many, Cuccia, Female, Great Britain, 2015-05-21, 46
Libbie, Dalby, Female, France, 2015-05-21, 42
Lester, Prothro, Male, France, 2017-10-15, 21
Marvel, Hail, Female, Great Britain, 2016-08-16, 28
Angelyn, Vong, Female, United States, 2015-05-21, 29
Francesca, Beaudreau, Female, France, 2017-10-15, 23
Garth, Gangi, Male, United States, 2016-08-16, 41
Carla, Trumbull, Female, Great Britain, 2015-05-21, 28
Veta, Muntz, Female, Great Britain, 2017-10-15, 37
Stasia, Becker, Female, Great Britain, 2016-08-16, 34
Jona, Grindle, Female, Great Britain, 2015-05-21, 26
Judie, Claywell, Female, France, 2016-08-16, 35
Dewitt, Borger, Male, United States, 2015-05-21, 36
Nena, Hacker, Female, United States, 2017-10-15, 29
Kelsie, Wachtel, Female, France, 2016-08-16, 27
Sau, Pfau, Female, United States, 2015-05-21, 25
Shanice, Mccrystal, Female, United States, 2015-05-21, 36
Chase, Karner, Male, United States, 2017-10-15, 37
Tommie, Underdahl, Male, United States, 2016-08-16, 26
Dorcas, Darity, Female, United States, 2015-05-21, 37
Angel, Sanor, Male, France, 2017-10-15, 24
Willodean, Harn, Female, United States, 2016-08-16, 39
Weston, Martina, Male, United States, 2015-05-21, 26
Roma, Lafollette, Female, United States, 2017-10-15, 34
Felisa, Cail, Female, United States, 2016-08-16, 28
Demetria, Abbey, Female, United States, 2015-05-21, 32
Jeromy, Danz, Male, United States, 2017-10-15, 39
Rasheeda, Alkire, Female, United States, 2016-08-16, 29
Dulce, Abril, Female, United States, 2017-10-15, 32
Mara, Hashimoto, Female, Great Britain, 2016-08-16, 25
Philip, Gent, Male, France, 2015-05-21, 36
Kathleen, Hanner, Female, United States, 2017-10-15, 25
Nereida, Magwood, Female, United States, 2016-08-16, 58
Gaston, Brumm, Male, United States, 2015-05-21, 24
Etta, Hurn, Female, Great Britain, 2017-10-15, 56
Earlean, Melgar, Female, United States, 2016-08-16, 27
Vincenza, Weiland, Female, United States, 2015-05-21, 40
Fallon, Winward, Female, Great Britain, 2016-08-16, 28
Arcelia, Bouska, Female, Great Britain, 2015-05-21, 39
Franklyn, Unknow, Male, France, 2017-10-15, 38
Sherron, Ascencio, Female, Great Britain, 2016-08-16, 32
Marcel, Zabriskie, Male, Great Britain, 2015-05-21, 26
Kina, Hazelton, Female, Great Britain, 2016-08-16, 31
Shavonne, Pia, Female, France, 2015-05-21, 24
Shavon, Benito, Female, France, 2017-10-15, 39
Lauralee, Perrine, Female, Great Britain, 2016-08-16, 28
Loreta, Curren, Female, France, 2015-05-21, 26
Teresa, Strawn, Female, France, 2015-05-21, 46
Belinda, Partain, Female, United States, 2017-10-15, 37
Holly, Eudy, Female, United States, 2016-08-16, 52
Many, Cuccia, Female, Great Britain, 2015-05-21, 46
Libbie, Dalby, Female, France, 2015-05-21, 42
Lester, Prothro, Male, France, 2017-10-15, 21
Marvel, Hail, Female, Great Britain, 2016-08-16, 28
Angelyn, Vong, Female, United States, 2015-05-21, 29
Francesca, Beaudreau, Female, France, 2017-10-15, 23
Garth, Gangi, Male, United States, 2016-08-16, 41
Carla, Trumbull, Female, Great Britain, 2015-05-21, 28
Veta, Muntz, Female, Great Britain, 2017-10-15, 37
Stasia, Becker, Female, Great Britain, 2016-08-16, 34
Jona, Grindle, Female, Great Britain, 2015-05-21, 26
Judie, Claywell, Female, France, 2016-08-16, 35
Dewitt, Borger, Male, United States, 2015-05-21, 36
Nena, Hacker, Female, United States, 2017-10-15, 29
Kelsie, Wachtel, Female, France, 2016-08-16, 27
Sau, Pfau, Female, United States, 2015-05-21, 25
Shanice, Mccrystal, Female, United States, 2015-05-21, 36
Chase, Karner, Male, United States, 2017-10-15, 37
Tommie, Underdahl, Male, United States, 2016-08-16, 26
Dorcas, Darity, Female, United States, 2015-05-21, 37
Angel, Sanor, Male, France, 2017-10-15, 24
Willodean, Harn, Female, United States, 2016-08-16, 39
Weston, Martina, Male, United States, 2015-05-21, 26
Roma, Lafollette, Female, United States, 2017-10-15, 34
Felisa, Cail, Female, United States, 2016-08-16, 28
Demetria, Abbey, Female, United States, 2015-05-21, 32
Jeromy, Danz, Male, United States, 2017-10-15, 39
Rasheeda, Alkire, Female, United States, 2016-08-16, 29
Dulce, Abril, Female, United States, 2017-10-15, 32
Mara, Hashimoto, Female, Great Britain, 2016-08-16, 25
Philip, Gent, Male, France, 2015-05-21, 36
Kathleen, Hanner, Female, United States, 2017-10-15, 25
Nereida, Magwood, Female, United States, 2016-08-16, 58
Gaston, Brumm, Male, United States, 2015-05-21, 24
Etta, Hurn, Female, Great Britain, 2017-10-15, 56
Earlean, Melgar, Female, United States, 2016-08-16, 27
Vincenza, Weiland, Female, United States, 2015-05-21, 40
Fallon, Winward, Female, Great Britain, 2016-08-16, 28
Arcelia, Bouska, Female, Great Britain, 2015-05-21, 39
Franklyn, Unknow, Male, France, 2017-10-15, 38
Sherron, Ascencio, Female, Great Britain, 2016-08-16, 32
Marcel, Zabriskie, Male, Great Britain, 2015-05-21, 26
Kina, Hazelton, Female, Great Britain, 2016-08-16, 31
Shavonne, Pia, Female, France, 2015-05-21, 24
Shavon, Benito, Female, France, 2017-10-15, 39
Lauralee, Perrine, Female, Great Britain, 2016-08-16, 28
Loreta, Curren, Female, France, 2015-05-21, 26
Teresa, Strawn, Female, France, 2015-05-21, 46
Belinda, Partain, Female, United States, 2017-10-15, 37
Holly, Eudy, Female, United States, 2016-08-16, 52
Many, Cuccia, Female, Great Britain, 2015-05-21, 46
Libbie, Dalby, Female, France, 2015-05-21, 42
Lester, Prothro, Male, France, 2017-10-15, 21
Marvel, Hail, Female, Great Britain, 2016-08-16, 28
Angelyn, Vong, Female, United States, 2015-05-21, 29
Francesca, Beaudreau, Female, France, 2017-10-15, 23
Garth, Gangi, Male, United States, 2016-08-16, 41
Carla, Trumbull, Female, Great Britain, 2015-05-21, 28
Veta, Muntz, Female, Great Britain, 2017-10-15, 37
Stasia, Becker, Female, Great Britain, 2016-08-16, 34
Jona, Grindle, Female, Great Britain, 2015-05-21, 26
Judie, Claywell, Female, France, 2016-08-16, 35
Dewitt, Borger, Male, United States, 2015-05-21, 36
Nena, Hacker, Female, United States, 2017-10-15, 29
Kelsie, Wachtel, Female, France, 2016-08-16, 27
Sau, Pfau, Female, United States, 2015-05-21, 25
Shanice, Mccrystal, Female, United States, 2015-05-21, 36
Chase, Karner, Male, United States, 2017-10-15, 37
Tommie, Underdahl, Male, United States, 2016-08-16, 26
Dorcas, Darity, Female, United States, 2015-05-21, 37
Angel, Sanor, Male, France, 2017-10-15, 24
Willodean, Harn, Female, United States, 2016-08-16, 39
Weston, Martina, Male, United States, 2015-05-21, 26
Roma, Lafollette, Female, United States, 2017-10-15, 34
Felisa, Cail, Female, United States, 2016-08-16, 28
Demetria, Abbey, Female, United States, 2015-05-21, 32
Jeromy, Danz, Male, United States, 2017-10-15, 39
Rasheeda, Alkire, Female, United States, 2016-08-16, 29
Dulce, Abril, Female, United States, 2017-10-15, 32
Mara, Hashimoto, Female, Great Britain, 2016-08-16, 25
Philip, Gent, Male, France, 2015-05-21, 36
Kathleen, Hanner, Female, United States, 2017-10-15, 25
Nereida, Magwood, Female, United States, 2016-08-16, 58
Gaston, Brumm, Male, United States, 2015-05-21, 24
Etta, Hurn, Female, Great Britain, 2017-10-15, 56
Earlean, Melgar, Female, United States, 2016-08-16, 27
Vincenza, Weiland, Female, United States, 2015-05-21, 40
Fallon, Winward, Female, Great Britain, 2016-08-16, 28
Arcelia, Bouska, Female, Great Britain, 2015-05-21, 39
Franklyn, Unknow, Male, France, 2017-10-15, 38
Sherron, Ascencio, Female, Great Britain, 2016-08-16, 32
Marcel, Zabriskie, Male, Great Britain, 2015-05-21, 26
Kina, Hazelton, Female, Great Britain, 2016-08-16, 31
Shavonne, Pia, Female, France, 2015-05-21, 24
Shavon, Benito, Female, France, 2017-10-15, 39
Lauralee, Perrine, Female, Great Britain, 2016-08-16, 28
Loreta, Curren, Female, France, 2015-05-21, 26
Teresa, Strawn, Female, France, 2015-05-21, 46
Belinda, Partain, Female, United States, 2017-10-15, 37
Holly, Eudy, Female, United States, 2016-08-16, 52
Many, Cuccia, Female, Great Britain, 2015-05-21, 46
Libbie, Dalby, Female, France, 2015-05-21, 42
Lester, Prothro, Male, France, 2017-10-15, 21
Marvel, Hail, Female, Great Britain, 2016-08-16, 28
Angelyn, Vong, Female, United States, 2015-05-21, 29
Francesca, Beaudreau, Female, France, 2017-10-15, 23
Garth, Gangi, Male, United States, 2016-08-16, 41
Carla, Trumbull, Female, Great Britain, 2015-05-21, 28
Veta, Muntz, Female, Great Britain, 2017-10-15, 37
Stasia, Becker, Female, Great Britain, 2016-08-16, 34
Jona, Grindle, Female, Great Britain, 2015-05-21, 26
Judie, Claywell, Female, France, 2016-08-16, 35
Dewitt, Borger, Male, United States, 2015-05-21, 36
Nena, Hacker, Female, United States, 2017-10-15, 29
Kelsie, Wachtel, Female, France, 2016-08-16, 27
Sau, Pfau, Female, United States, 2015-05-21, 25
Shanice, Mccrystal, Female, United States, 2015-05-21, 36
Chase, Karner, Male, United States, 2017-10-15, 37
Tommie, Underdahl, Male, United States, 2016-08-16, 26
Dorcas, Darity, Female, United States, 2015-05-21, 37
Angel, Sanor, Male, France, 2017-10-15, 24
Willodean, Harn, Female, United States, 2016-08-16, 39
Weston, Martina, Male, United States, 2015-05-21, 26
Roma, Lafollette, Female, United States, 2017-10-15, 34
Felisa, Cail, Female, United States, 2016-08-16, 28
Demetria, Abbey, Female, United States, 2015-05-21, 32
Jeromy, Danz, Male, United States, 2017-10-15, 39
Rasheeda, Alkire, Female, United States, 2016-08-16, 29